2021-10-29,兵庫県,島たこやき MIKE トゥースマート店,078-777-4091
2021-10-27,東京都,たこやき あずまや 国領店,042-497-0001
2021-10-16,愛媛県,たこ焼き てつ,070-5513-5216
2021-10-13,兵庫県,曾根崎鉄板食堂はなたれ ミント神戸店,078-803-8009
2021-10-08,埼玉県,粉もん屋 八 新所沢駅前店,042-937-3886
2021-10-06,千葉県,築地銀だこ 柏の葉公園ドライブイン店,04-7196-6226
2021-10-01,東京都,広島お好み焼き ホプキンス,050-5828-6784
2021-10-01,兵庫県,鶴橋粉舗てこや 深江駅前店,078-940-1151
2021-09-23,神奈川県,築地銀だこ 下鶴間ドライブイン店,046-244-3558
2021-08-28,宮城県,きいろいタコ,022-344-9266
2021-08-13,千葉県,くれおーる イオン幕張新都心店,043-307-7315
2021-08-10,千葉県,築地銀だこ 天台ドライブイン店,043-307-1699
2021-08-03,愛知県,米乃家 LAND,0586-77-6615
2021-08-02,愛媛県,広島お好み焼き 鉄板焼き 大地の母 伊予店,089-994-5399
2021-07-21, 福岡県,たこかつ,093-533-0544
2021-07-19,石川県,築地銀だこ イオンモール白山店,076-220-6836
2021-07-19,石川県,千房 イオンモール白山店,076-259-6553
2021-07-16,大阪府,鶴橋粉舗てこや 東部市場前駅前店,06-6719-3366
2021-07-16,大阪府,鶴橋粉舗てこや 難波千日前店,06-6636-1133
2021-07-06,宮崎県,お好みバル Ricchan,0985-20-1788
2021-07-04,東京都,鉄板お好み焼き処 黒。,03-5848-3772
2021-07-04,京都,モッさんのべた焼 大宮店,080-5353-7792
2021-06-29,高知県,軽食酒場 鳥あえず…びーる,090-20704878
2021-06-22, 愛知県,もんじゃ 鉄板 まきびし,0566-22-0911
2021-06-15,茨城県,千房 イオンモール水戸内原支店,029-350-8580
2021-06-12,岩手県,笑う門には福来たる,
2021-06-10, 兵庫県,昭平,080-8528-0717
2021-06-10,千葉県,お好み焼き もんじゃ 鉄板焼 さっとん,050-5815-4940
2021-06-09,神奈川県,お好み焼き 鶴橋風月 本厚木店　,046-240-1755
2021-05-30,神奈川県,築地銀だこ ドライブイン平塚河内店,0463-79-5705
2021-05-20,宮城県,ゑびす屋本舗 船岡店,0224-51-8216
2021-05-08,愛知県,新萬丸亭 中川店,052-363-3353
2021-05-06,大阪府,としのぶさん家の粉 古川橋店,—
2021-04-27,広島県,お好み焼・鉄板焼ちんちくりん緑井店,082-554-1604
2021-04-26,三重県,千房 イオンモール鈴鹿支店,059-373-6811
2021-04-26,千葉県,築地銀だこ 船橋ドライブイン店,047-404-6799
2021-04-24,岐阜県,TAKOYAKI BROTHERZ,070-8999-3519
2021-04-20,宮城県,達磨,070-8475-1488
2021-04-20,福岡県,電光石火,092-409-3277
2021-04-20,大阪府,たこ家道頓堀くくる 心斎橋店,06-6556-7669
2021-04-09,東京都,あずまや 千歳船橋店,03-5799-6977
2021-04-09,三重県,お好み焼・鉄板焼・もんじゃ焼き 加屋 菰野イオンタウン店,059-394-5288
2021-04-04,兵庫県,お好み・もんじゃ 清十郎 阪急西宮ガーデンズ店,0798-31-7333
2021-04-01,東京都,お好み焼みっちゃん総本店 東京ソラマチ店,03-5619-5438
2021-03-31,群馬県,築地銀だこ伊勢崎ドライブスルー店,080-3495-9464
2021-03-23,東京都,電光石火 渋谷センター街店,03-6427-8945
2021-03-17,広島県,たこ焼きtoビール だるま,084-999-6577
2021-03-16,鳥取県,まる福,0857-21-7355
2021-03-14,愛知県,とんタコ刈谷店,
2021-03-08,愛知県,お好み・鉄板・もんじゃ焼き えふ,0561-52-7776
2021-03-08,大阪府,来夢羅 新深江店（きむら）,06-6224-3447
2021-03-05,兵庫県,お好み焼き 辰ちゃん食堂,0798-47-1477
2021-03-03,広島県,りえもん家,084-999-7005
2021-02-25,千葉県,築地銀だこ 市川店,047-318-3500
2021-02-19,奈良県,粉もん屋八 高の原店,0742-71-8016
2021-02-17,北海道,蛸屋本店 さっぽろ店,011-826-4429
2021-02-14,兵庫県,明石焼き居酒屋 たこいけ,078-585-7350
2021-02-05,千葉県,いってん 市川店,—
2021-02-01,岡山県,お好み焼き 鉄板焼き 凛蘭（りらん）,086-259-5099
2021-01-15,兵庫県,たこ壺横丁イオンモール明石店,078-995-8488
2021-01-06,東京都,元祖月島もんじゃ もじや 月島店,03-5859-5875
2020-12-25,東京都,月島 もんじゃ お好み焼 誠,03-5859-0044
2020-12-23,山口県,たこ焼き＆唐揚げ食堂 永島屋 長府店,—
2020-12-22,神奈川県,築地銀だこ 相模原中央店,042‐707‐4484
2020-12-20,東京都,KOBOREYA 月島,03-6555-5210
2020-12-15,東京都,月島もんじゃ もんろう,03-3520-8890
2020-12-12,沖縄県,沖縄イイダコ屋 さわふじマルシェ店,090-1942-6033
2020-12-09,静岡県,ぽっぽ屋,053-420-7055
2020-12-09,兵庫県,明石玉子焼 梅菊（うめきく）,078-995-9433
2020-12-08,京都,テッペン。,075-644-4563
2020-12-05,三重県,千客万来まねきだこ 日永カヨー店,059-340-8622
2020-12-04,福岡県,広島お好み焼・鉄板焼Labo とものや TOMONOYA,092-407-8955
2020-12-04,茨城県,ばくだん焼本舗 水戸オーパ店,080-4144-1338
2020-11-28,東京都,月島もんじゃ はる 錦糸町北口店,03-6658-4125
2020-11-26,静岡県,ギンダコハイボール横丁 静岡両替町店,054-291-7080
2020-11-25,東京都,築地銀だこ酒場 ミーツ国分寺店,042-316-8555
2020-11-25,愛知県,電光石火 名古屋駅店,052-414-5851
2020-11-19,奈良県,お好み焼・鉄板焼 きん太 香芝五位堂店,0745-71-9888
2020-11-06,熊本県,築地銀だこ ハイボール酒場 下通店,096-325-8188
2020-11-04,千葉県,築地銀だこマルハン千葉北ドライブスルー店,080-7364-9692
2020-11-04,東京都,鉄板商会（テッパンショウカイ）,090-2903-4545　代表　横手
2020-11-03,岡山県,笑たこ イオン倉敷店,086-436-6323
2020-10-31, 鹿児島県,千房 天文館店,099-248-8525
2020-10-29,北海道,築地銀だこ 三井アウトレットパーク札幌北広島店,011-377-5077
2020-10-28,大阪府,鶴橋風月 野田阪神ウイステ店,06-6486-9968
2020-10-24,大阪府,たこやき はなれ,070-8442-9415
2020-10-20,広島県,電光石火 ekie広島店,082-568-1751
2020-10-15,山口県,たこ焼き はかたこ ゆめシティ新下関店,083-255-1000
2020-10-10,北海道,かうまる,011-790-8139
2020-10-03,大阪府,粉もん くりゅう,080-8360-3881
2020-09-29,大阪府,島たこやき MIKE しまたこやき みけ,06-4256-6632
2020-09-20, 愛知県,カリカリ博士 太田川店,—
2020-09-17,大阪府,じゃんぼ総本店 千日前店,06-6710-9333
2020-09-16,東京都,築地銀だこ 立川ドライブスルー店,080-3494-4353
2020-09-15,北海道,広島風お好み焼き まろ吉,011-299-9282
2020-09-13,東京都,名代秘伝の味 大阪じゅげむ 高円寺店,050-5451-6363
2020-09-10,大阪府,お好み焼き 銭形,06-6925-1139
2020-08-16,大阪府,リエージュ（オズ・シーサイドボックス）,080-8516-9387
2020-08-02,兵庫県,明石焼 かいれんまる,090-3844-9021
2020-07-29,茨城県,ポッポ 古河店,0280-31-7771
2020-07-04,愛知県,お好み焼き がっきー(テイクアウト専門店),0566-57-1900
2020-06-28,神奈川県,築地銀だこハイボール酒場 桜木町クロスゲート店,045-228-9959
2020-06-27,愛知県,たこハイ 米乃家,052-265-6628
2020-06-04,北海道,お好み焼き まっか 琴似店,011-688-6377
2020-05-29, 福岡県,お好み焼 牛すじ葱丸,092-894-1105
2020-05-14,宮城県,タコとハイボール 仙台一番町店,080-4794-6503
2020-04-24,兵庫県,TAKOダイニング井の万,080-5701-0826
2020-04-22,栃木県,タコとハイボール宇都宮店,028-680-5585
2020-04-14,大阪府,お好み焼・鉄板焼 きん太 岸和田店,0724-47-8200
2020-04-10,大阪府,ジャンボ酒場 塚本駅前店,06-4806-0022
2020-04-09,茨城県,大阪大衆鉄板焼き酒場 てっちゃん,0298-75-8859
2020-04-01,広島県,ちんちくりん 宮島口店,0829-30-8737
2020-04-01,大阪府,頂,06-6452-5678
2020-04-01,北海道,はる商店,011-200-9461
2020-04-01,東京都,千房 ADVANCE 広尾店,03-6408-5230
2020-03-28,大阪府,千客万来まねきだこ イオンスタイル海老江店,06-6131-6338
2020-03-28,大阪府,鶴橋粉舗 てこや阿倍野駅前店,06-6615-9900
2020-03-20,千葉県,京風たこ焼き たこ坊 津田沼,070-3162-7083
2020-03-20,北海道,かつたこ,050-5373-3550
2020-03-18,大阪府,お好み焼・鉄板焼 きん太 和泉府中店,0725-51-7016
2020-03-15,大阪府,じゅうじゅう屋 天三食堂,06-4800-0077
2020-03-01,秋田県,もんじゃ焼きお好み焼き鉄板焼き じゃっちゃが,018-827-4471
2020-02-29,東京都,えびすだこ仙川西友店,03-3307-1139
2020-02-25,山梨県,焼きたて屋 ビバモール甲斐敷島店,070-2643-6896
2020-02-19,大阪府,狸狸亭 新鶴橋店,06-6777-7783
2020-02-15,大阪府,ねぎ焼 やまもと 梅田エスト店,06-6131-0118
2020-02-13,神奈川県,大阪こなもん酒場 たこやき番長 関内店,045-211-4445
2020-02-07,神奈川県,大阪こなもん酒場 たこやき番長,045-211-4445
2020-01-30,兵庫県,お好み焼 鉄板焼 つくし 垂水店,078-707-0256
2020-01-29,大阪府,北新地 たこ焼き No.1,06-4797-5006
2020-01-24,大阪府,ジャンボ酒場 大阪狭山市駅前店,072-366-6677
2020-01-24,東京都,月島もんじゃ おこげ 渋谷,03-5422-3665
2020-01-20,東京都,築地銀だこ ハイボール横丁 東銀座店,03-6260-6130
2020-01-17,大阪府,たこ焼きくれおーる タグボート大正店,080-3787-4262
2020-01-15,東京都,たぎつ屋 高田馬場店,03-6205-9513
2019-12-27,大阪府,鶴橋風月 リンクス梅田店,06-6377-2319
2019-12-21,大阪府,TAKO BUSTERS（タコバスターズ）,06-4256-6632
2019-12-13,大阪府,ジャンボ酒場 香里園店,072-833-7722
2019-12-11,愛知県,東京下町もんじゃ屋 Rikyu,090-4503-2471
2019-12-05,京都,風車 山科椥辻店,075-644-5139
2019-12-04,東京都,築地銀だこ 大衆酒場 勝どき店,03-6204-9293
2019-12-02,大阪府,風月 瓢箪山店,0729-89-1427
2019-12-01,東京都,こなもんや九じゅう,03-6426-9826
2019-11-29,東京都,築地銀だこ 南町田グランベリーパーク店,042-850-7510
2019-11-26,神奈川県,お好み たまちゃんJr. マルイファミリー溝の口店,044-819-7980
2019-11-22,静岡県,お好み焼きPIYO,080-5151-3835
2019-11-21,北海道,風月 南23条店,011-596-8985
2019-11-20,広島県,徳川 八木店,—
2019-11-19,東京都,お江戸もんじゃラムネ,03-6550-9580
2019-11-14,東京都,ギンダコ秋葉横丁,03-6206-8900
2019-11-11,岐阜県,お好み焼専門店 おく十 多治見店,070-3345-3247
2019-11-10,京都,お好み焼はここやねん 四条河原町店,075-212-5539
2019-11-08,東京都,お好み たまちゃん  渋谷スクランブルスクエア店,03-6803-8336
2019-11-08,東京都,もへじ 渋谷スクランブルスクエア店,03-6805-1518
2019-10-31,福岡県,お好み焼き 牛すじうどん まるいち,093-691-9777
2019-10-29,東京都,月島もんじゃ がってん,03-6225-0468
2019-10-23,千葉県,築地銀だこ テラスモール松戸店,047-700-5056
2019-10-22,滋賀県,おこのみ屋 ももたろう,077-586-8929
2019-10-17,千葉県,ポッポ幕張店,043-296-0678
2019-10-09,埼玉県,わいず春日部店,048-792-0593
2019-10-02,静岡県,築地銀だこ ららぽーと沼津店,055-943-5103
2019-10-01, 宮城県,たこ焼き福家,—
2019-09-26,東京都,鉄板焼・お好焼 maido OSAKAきっちん。,03-6665-0996
2019-09-20,北海道,たこやき 利久,011-671-1888
2019-09-15,東京都,お好み焼き 焼朗,080-4688-9127
2019-09-13,大阪府,タコヤキ ナカヤ,072-931-3500
2019-09-05,北海道,たこ焼き菜々 富岡店,070-4231-9563
2019-08-28,京都,京都 たこ壱 堀川今出川店,075-414-7770
2019-08-26,大阪府,大正お好み屋 ままま,06-6552-1109
2019-08-08,北海道,風月 狸小路4丁目店,011ｰ231ｰ6665
2019-08-05,東京都,お好み焼きもんじゃ これから,03-6658-8229
2019-08-01,愛知県,じゃけん 名古屋2号店,052-526-7522
2019-07-31,大阪府,築地銀だこ 大衆酒場 阪急十三駅店,06-6829-7759
2019-07-29,東京都,錦わらい 五反田店,03-6910-4612
2019-07-21,埼玉県,たこ家道頓堀 くくる ルミネ大宮Ⅱ店,048-778-9790
2019-07-20,愛知県,お好み焼 鉄板焼 おかげ 藤が丘店,052-717-5456
2019-07-19,長崎県,こなり (conari),095-865-7812
2019-07-18,東京都,築地銀だこハイボール酒場 京王八王子駅店,042-649-2658
2019-07-18,愛知県,山忠 フレスポ春日井店,–
2019-07-17,兵庫県,粉もん屋八 神戸元町店,078-335-7689
2019-07-15,兵庫県,粉もん屋八 神戸元町店,078-335-7689
2019-07-08,広島県,お好み焼き nacca,082-240-7007
2019-07-03,兵庫県,おやつ工房,078-611-1257
2019-07-01,東京都,お笑いもんじゃ,03-6881-9363
2019-06-30,沖縄県,みっちゃん総本店監修 元祖広島お好み焼物語,098-975-9668
2019-06-28,広島県,お好み一番地 ゆめタウン福山,084-924-3464
2019-06-25,東京都,錦わらい 三軒茶屋店,03-6453-4631
2019-06-22,沖縄県,築地銀だこ 浦添PARCO CITY店,098-917-4440
2019-06-15,東京都,OCOMO 小岩,03-6657-8870
2019-06-13,奈良県,粉もん屋八 ザ・ビッグエクストラ大安寺店,090-9712-1538
2019-06-06,埼玉県,築地銀だこ大衆酒場 川越店,049-298-5151
2019-06-06,東京都,築地銀だこ大衆酒場 高田馬場さかえ通り店,03-6908-7478
2019-06-06,東京都,縁(えにし),03-5859-0441
2019-06-01,兵庫県,錦わらい 三田ウッディタウン店,079-565-8121
2019-05-16,大阪府,串と蛸 天三店,06-4800-0077
2019-05-06,東京都,お好み焼き 山本,03-6384-1966
2019-04-30,千葉県,ポッポ 流山店,04-7150-5565
2019-04-26,奈良県,築地銀だこ ならファミリー店,0742-93-8128
2019-04-19,愛知県,ぼてこ イオンモール東浦店,0562‐57‐4655
2019-04-18,愛知県,築地銀だこ イオンモール熱田店,052-746-3663
2019-04-12,大阪府,ジャンボ酒場 関目高殿駅前店,06-6180-0333
2019-04-05,東京都,ながおかのおっさん,03-6277-1239
2019-04-04,広島県,高砂○ 本店,082-263-0787
2019-03-31,北海道,粉パラダイス、なの。,011-737-8070
2019-03-27,愛媛県,お好み焼きandてっぱん屋日々来（ひびき）,0897-66-7315
2019-03-27,福岡県,築地銀だこハイボール酒場 アミュプラザ小倉店,093-512-1018
2019-03-22, 神奈川県,みつえちゃん 本厚木北口駅前店,046-225-7688
2019-03-21,東京都,お好み焼き酒場 とり玉天国,042-522-0088
2019-03-17,東京都,88パチパチ 東京ドーム店,03-5800-9999：東京ドームシティわくわくダイヤル
2019-03-16,東京都,築地銀だこTOKYO STADIUM,—
2019-03-14,埼玉県,浦和こてがえし,048-871-2003
2019-03-01,兵庫県,柳家,078-585-5892
2019-03-01,愛知県,お好み焼き 焼きそば まる真,0568-56-3356
2019-02-15,東京都,月島もんじゃ わらしべ 参番街店,03-5547-4919
2019-02-04,山口県,お好み一番地 ゆめタウン下松店,0833-44-8020
2019-02-01,大阪府,京ちゃばな 法善寺店,06-6211-1131
2019-01-30,茨城県,築地銀だこ イオンモール水戸内原店,029-350-1307
2019-01-24,東京都,お好み焼 みっちゃん 総本店 新橋店,03-6432-0090
2019-01-07,大阪府,てっぱんもんじゃ ぽよ,06-6136-5422
2019-01-04,兵庫県,寛,078-333-1005
2018-12-20,鹿児島県,お好み焼き 蔵,–
2018-12-19,千葉県,ギンダコ西船横丁,0474-97-8531
2018-12-18,宮城県,タコとハイボール名掛丁店,080-4957-5475
2018-12-18,滋賀県,お好み焼き 鉄板焼居酒屋 や台や 河内花園町,072-960-2188
2018-12-08,東京都,熱狂 道とん堀 御徒町店,03-5817-8651
2018-12-07,千葉県,築地銀だこ イトーヨーカドー四街道店,043-497-3158
2018-12-02,広島県,お好み焼・鉄板串焼酒場 やまだ,082-569-8870
2018-11-29,兵庫県,お好み一番地 ゆめタウン姫路店,079-298-5824
2018-11-23,宮城県,ゑびす屋本舗 名取店,–
2018-11-22,福岡県,築地銀だこマークイズ福岡ももち店,092-841-3577
2018-11-09,三重県,築地銀だこ イオンモール津南店,059-253-3667
2018-11-07,東京都,鶴橋 お好み焼・鉄板焼オモニ 丸の内店,050-3462-4090
2018-11-01,岐阜県,たこ焼き居酒屋 ぐっぴぃ 岐阜横丁店,090-4268-4545
2018-10-26,千葉県,舞 千房 イクスピアリ店,047-311-4545
2018-10-24,愛知県,THE鉄板YA 達神,0587-81-5706
2018-10-23,奈良県,花舎 見瀬店,0744-27-0515
2018-10-22,東京都,べにぼち 高田馬場店,03-3207-7400
2018-10-21,京都,銀の卵 洛西口駅店（お持ち帰り専門店）,075-925-5660
2018-10-12,神奈川県,竹蔵TAKEZO ダイニング,045-710-0102
2018-10-03,広島県,お好み焼き体験 広島駅 OKOSTA-オコスタ-,082-277-7116（受付時間 平日9:00〜17:00）
2018-09-27,愛知県,築地銀だこ ららぽーと名古屋みなとアクルス店,052-387-5300
2018-09-27,愛知県,千房ららぽーと名古屋みなとアクルス支店,052-655-5260
2018-09-26,千葉県,ポッポ ニューコースト新浦安店,047-316-5173
2018-09-25,大分県,お好み焼き なんどいや,0978-25-9333
2018-09-24,千葉県,みつえちゃん 西船橋北口駅前店,047-436-5188
2018-09-22,東京都,お好み焼き・鉄板焼き パチパチ新橋店,03-6273-3883
2018-09-20,東京都,鉄板焼・お好み焼 一歩 新宿ハルク西口店,03-5339-9377
2018-09-12,宮城県,築地銀だこ イオンスタイル卸町店,022-239-3459
2018-09-11,奈良県,粉もん屋八 橿原神宮前店,0744-47-3358
2018-09-11,大阪府,ごっつええ本舗 イオンモール鶴見,06-6911-0910
2018-09-08,東京都,TEPPAN KITCHEN,03-6451-1016
2018-09-03,東京都,たこ焼き いわっち！ 中坂橋店,03-6314-4811
2018-09-03,長崎県,どんどん亭 佐世保大和町店,0956-46-7788
2018-09-02,大阪府,銀だこ大衆酒場 新大阪店,06-6770-9766
2018-09-01,東京都,大阪やき三太 大森店,03-6417-1413
2018-08-29,東京都,銀だこ大衆酒場 品川港南口店,03-6433-9503
2018-08-21,岐阜県,お好み焼きはここやねん 大垣店,0584-83-2002
2018-08-11,愛知県,㊄ MARUGO （まるご）,052-919-0050
2018-08-08,東京都,鉄板個室ダイニング ぽんぽこ八兵衛,03-5809-8102
2018-08-07,大阪府,お好み焼き・一銭洋食 福○,06-6630-7398
2018-07-27,兵庫県,たこ焼き 松むら 三宮店,078-333-8198
2018-07-20,長崎県,OctoChef （オクトシェフ）,0570-064-110　　ハウステンボス
2018-07-20,秋田県,笑たこ イオンモール秋田店,03-5755-5549
2018-07-20,青森県,ポッポ エルム五所川原店,0173-33-8848
2018-07-04,愛知県,ねぎぼーず 鶴舞店,052-332-3800
2018-07-01,滋賀県,粉もん屋八 膳所駅前店,077-572-7011
2018-07-01,大阪府,天多来 京橋店,06-6351-3151
2018-06-30,福岡県,お好み焼き 鉄板焼き 磯六 元祖てこまる,0942-35-1817
2018-06-29,埼玉県,じゃんぼ総本店 南浦和駅前店,048-764-8889
2018-06-15,福島県,築地銀だこ イオンモールいわき小名浜店,0246-38-4223
2018-06-13,大阪府,南船場鉄板食堂 はなたれ,06-6210-3239
2018-06-10,京都,京都一乗寺もんじ家,090-7498-6442
2018-06-06,千葉県,築地銀だこ ハイボール酒場 成田空港店,0476-34-6858
2018-06-03,東京都,京のお好み焼 こてつ GEMS 三軒茶屋店,03-6453-4631
2018-06-01,佐賀県,どんどん亭 佐賀兵庫店,0952-97-5311
2018-05-31,大阪府,道頓堀 赤鬼 阪神梅田店,06-6345-1201（代）
2018-05-28,東京都,築地銀だこ 高円寺店,03-5356-8817
2018-05-26,東京都,神戸鉄板 長田いっしん 学芸大店,03-5734-1440
2018-05-24,東京都,お好み焼 あほんだら,03-6912-9796
2018-05-19,大阪府,じゃんぼ總本店 JR長尾駅前店,06-6730-2600
2018-05-12,福岡県,源田虎,092-201-9882
2018-05-10,大阪府,十三産直横丁 お好み焼き みつえちゃん,06-6886-8788
2018-05-05,愛知県,すこやか,0533-67-3088
2018-05-04,広島県,二代目さざんか,082-208-2862
2018-05-04,広島県,鉄ぱん屋 弁兵衛 ジ・アウトレット広島店,082-208-5300
2018-04-26,東京都,鉄板お好み焼き 十代目,
2018-04-25,山口県,まいの,083-227-2269
2018-04-24,兵庫県,千客万来まねきだこ コロワ甲子園,0798-61-5228
2018-04-24,愛知県,すこやか,090-7028-7382
2018-04-01,東京都,月島もんじゃ こぼれや 結 （むすび）,03-3520-8779
2018-03-28,神奈川県,おめで鯛焼き本舗アピタテラス横浜綱島店,045-947-2522
2018-03-28,広島県,カリトロ広島店,082-240-8991
2018-03-28,広島県,いっちゃん,082-263-2338
2018-03-28,広島県,麗ちゃん,082-286-2382
2018-03-16,神奈川県,築地銀だこ イオンモール座間店,046-204-7526
2018-03-16,奈良県,粉もん屋 八 大和小泉駅前店,0743-85-5504
2018-03-08,兵庫県,うどん・たこ焼き一番,0120-889-051
2018-03-02,大阪府,じゃんぼ総本店JR吹田駅前店,06-6317-0050
2018-02-27,長野県,ポッポ 南松本店 /とっぴん舎 南松本店,0263-27-2448
2018-02-26,東京都,もんじゃ麦 中目黒別邸,03-6452-2345
2018-02-22,東京都,築地銀だこ アリオ葛西店,03-6808-5235
2018-02-09,東京都,うまもん,03-3768-2211
2018-02-05,愛知県,東京ハニービー 本山店,052-753-7723
2018-01-27,山口県,どんどん亭 宇部店,0836-36-8721
2018-01-27,兵庫県,汽車ポッポ 板宿駅前店,078-742-9191
2018-01-10,神奈川県,元祖月島もんじゃくぅ川和町駅前店,045-479-1151
2018-01-09,東京都,いか焼き庵 頂,070-1536-1102
2018-01-05,大阪府,まるふく,080-9370-3547
2017-12-22,北海道,たこ焼き 菜々,070-4077-7732
2017-12-18,大阪府,あべのたこやき やまちゃん ルクア大阪店,06-4796-7670
2017-12-18,大阪府,お好み たまちゃん ルクア大阪店,06-4796-7670
2017-12-18,愛知県,おかげ,052-725-8686
2017-12-08, 岐阜県,米乃家 イオンタウン本巣店,058-322-3750
2017-12-01,北海道,じゅう奏,011-704-0013
2017-11-29,東京都,築地銀だこハイボール酒場 立川店,042-512-9445
2017-11-24,愛知県,お好み焼き ホルモン＆鉄板料理 喜多郎,0565-32-7780
2017-11-23,愛知県,築地銀だこ プライムツリー赤池店,052-848-6401
2017-11-14,奈良県,粉もん屋八 天理駅前店,0743-69-4988
2017-11-13,神奈川県,お好み焼・焼そば・鉄板バル エエトコ,046-244-0538
2017-11-11,奈良県,春道,050-3374-2737
2017-11-01,沖縄県,お好み焼き 馬之助 読谷店,098-956-7858
2017-10-27,大阪府,ふうふう亭 なんば道頓堀店,06-6213-5029
2017-10-26,東京都,有楽町こてがえし,03-6206-3001
2017-10-19,大阪府,お好み焼・鉄板焼 きん太 東豊中店,06-6854-5551
2017-10-10,山口県,どんどん亭 イオンタウン周南久米店,0834-33-8860
2017-10-10,東京都,築地銀だこ 浅草三ちゃん横丁浅草ホッピー通り店,03-5830-6970
2017-10-02,千葉県,もんたま 千葉駅前店,043-301-5267
2017-10-01,大阪府,お好み焼は ここやねん 阪急茨木駅前店,050-3373-8825
2017-09-20,長野県,築地銀だこ イオンモール松本店,0263-87-1865
2017-09-18,兵庫県,築地銀だこ イオンモール神戸南店,078-381-7608
2017-09-09,大阪府,たこ焼き ひさご 富田町店,072-693-2558
2017-09-04,愛知県,築地銀だこ イオンスタイル豊田店,0565-85-7880
2017-08-29,神奈川県,若竹 関内駅前店,045-315-6889
2017-08-28,兵庫県,お好み焼きはここやねん 姫路飾磨店,079-235-7807
2017-08-04,東京都,お好み焼き 道とん堀 日野多摩平の森店,042-843-4168
2017-07-27,東京都,錦糸町こてがえし,03-5637-8250
2017-07-26,福岡県,大阪たこ焼き はかたこイオン乙金店,092-558-4411
2017-07-24,愛媛県,築地銀だこ イオンモール新居浜店,0897-66-7751
2017-07-15,長野県,Taco-Pa （タコパ）,080-4867-3973
2017-07-14,東京都,広島風お好み焼き 花火,03-5992-2522
2017-07-13,東京都,築地銀だこ府中ル・シーニュ店,042-358-9005
2017-07-11,青森県,お好み焼き 道とん堀 弘前駅前店,0172-40-0390
2017-06-22,大阪府,名代 千房 JO－TERRACE OSAKA店,06-6450-6900
2017-06-08,東京都,築地銀だこ 築地本店,03-3553-8885
2017-05-22,山口県,どんどん亭 新下関店,083-242-0122
2017-05-20,広島県,こてじゅう 光町店,090-9462-5010
2017-05-15,兵庫県,お好み焼き 鉄板焼き 由甲,090-7094-9403
2017-05-11,埼玉県,道頓堀 赤鬼 ドン・キホーテ浦和原山店,048-884-5028
2017-05-08,愛知県,鉄神 金山店,052-671-0155
2017-04-24,兵庫県,ごっつええ本舗　阪急西宮ガーデンズ,0798-68-5051
2017-04-19,奈良県,粉もん屋八 生駒駅前店,0743-73-5959
2017-04-17,東京都,鉄神 上野駅前店 （テッシン）,03-3837-1777
2017-04-15,東京都,お好み焼き いまり 五反田店,03-6431-9499
2017-04-01,神奈川県,タコとハイボール 藤沢店,0266-79-6326
2017-04-01,東京都,広島お好み焼き・鉄板焼き 倉はし 荻窪店,03-6383-5399
2017-03-29,愛知県,ぼてこ メイカーズピア店,052-384-4040
2017-03-24,東京都,電光石火 東京駅店,03-6268-0313
2017-03-22,石川県,築地銀だこ イオンモール新小松店,0761-58-0057
2017-03-21,石川県,京都 わらい食堂 イオンモール新小松店,0761-58-0216
2017-03-18,愛知県,ディアボロちゃんの夢,052-583-8407
2017-03-16,大阪府,京ちゃばな 京橋京阪モール店,06-6809-6163
2017-03-01,京都,お好み焼き　おこ山,075-874-4622
2017-03-01,奈良県,お好み焼き・鉄板焼 ぼんくら家 田原本町店,074-434-0503
2017-02-21,東京都,わっはっはっ風月 高田馬場店,03-6380-3151
2017-02-14,東京都,築地銀だこハイボール酒場 日本橋店,03-6262-6059
2017-02-07,東京都,築地銀だこハイボール酒場 新宿御苑店,03-5925-8180
2017-02-06,大阪府,もんじゃ麦 あべの店,06-6654-7832
2017-02-01,東京都,築地銀だこハイボール酒場 アパホテル飯田橋駅前店,03-6256-8286
2017-01-27,兵庫県,お好み焼きと鉄板焼き ゆめ,078-842-5262
2017-01-26,大阪府,たこぴん うつぼ公園前店,080-4648-0141
2017-01-16,大阪府,本格広島お好み焼き たにもと,072-672-0538
2016-12-20,東京都,築地銀だこハイボール酒場 末広町店,03-6803-2094
2016-12-08,愛知県,築地銀だこ イオンモール長久手店,0561-76-3128
2016-11-30,兵庫県,こて屋,078-917-3717
2016-11-30,兵庫県,酒道場/お好み焼道場,078-911-8083
2016-11-30,兵庫県,まるまる,078-918-6038
2016-11-30,兵庫県,玉子焼専門店 松竹,078-912-0091
2016-11-24,東京都,月島もんじゃ もへじ -両国-江戸NOREN店,03-6658-5159
2016-11-22,神奈川県,築地銀だこ アリオ橋本店,042-703-4227
2016-11-20,滋賀県,いっきゅうさん大津膳所店,077-537-0193
2016-11-11,大阪府,会津屋 なんばウォーク店,06-6212-1132
2016-10-27,東京都,華 千房 恵比寿ガーデンプレイス支店,03-5424-1011
2016-10-21,秋田県,たこまる,018-862-8896
2016-10-17,愛知県,広島焼 鉄板焼 遊歩,0568-34-1641
2016-10-06,三重県,鉄神 四日市駅前店,059-351-0511
2016-10-04,神奈川県,築地銀だこ ららぽーと湘南平塚店,0463-73-5828
2016-09-23,北海道,築地銀だこ札幌エスタ店,011-213-2181
2016-09-20,長野県,You助,026-229-7751
2016-09-16,愛知県,六三 東海店,052-601-6389
2016-09-14,埼玉県,お好み焼・鉄板焼 こて吉 さいたま新都心コクーンシティ1店,048-600-2727
2016-09-06,山口県,築地銀だこゆめタウン徳山店,0834-39-6835
2016-08-08,北海道,お好み焼き せんじゅ,0143-45-3310
2016-08-03,東京都,築地銀だこ 神楽坂店,03-6280-8708
2016-08-02,奈良県,粉もん屋八 JR奈良駅前店,080-4396-5488
2016-08-01,東京都,海鮮もんじゃ えもん,03-5830-3332
2016-07-21,長野県,焼きたて屋 レイクウォーク岡谷店,0266-79-6326
2016-07-15,奈良県,築地銀だこ イオンモール大和郡山店,0743-85-4666
2016-06-26,東京都,築地銀だこハイボール酒場 新宿小滝橋通り店,03-6279-3018
2016-06-07,奈良県,お好み焼きは ここやねん 橿原神宮前店,0744-24-7667
2016-06-05,東京都,じゃんぼ總本店 清瀬駅前店,042-491-3313
2016-06-03,埼玉県,イタリアンバルパステル 川口栄町店,048-240-2755
2016-05-18,大阪府,じゅうじゅう屋 天満宮前店,06-6351-8115
2016-05-02,島根県,築地銀だこイオンモール出雲店,0853-25-8840
2016-04-29,2016年4月29日（金）オープン,じゃんぼ總本店 喜連瓜破店,06-6705-0099
2016-04-24,2016年4月24日（日）オープン,鉄板焼・広島お好み焼き 彩TAMI,092-791-1056
2016-04-23,2016年4月23日（土）オープン,きんぎょぎんぎょ,0898-35-2343
2016-04-22,2016年4月22日（金）オープン,仙川ぱすたかん,03-5314-9804
2016-04-21,2016年4月21日（木）オープン,粉もん屋八 東山駅前店,070-2305-8086
2016-04-20,2016年4月21日（木）オープン,こて吉 KITTE博多店,092-260-6330
2016-04-19,2016年4月20日（水）オープン,築地銀だこ ニトリモール枚方店,072-860-7829
2016-04-19,2016年4月20日（水）オープン,鶴橋風月 ニトリモール枚方店,072-808-6199
2016-04-14,2016年4月14日（木）オープン,鉄神 住吉店,052-269-3833
2016-04-06,2016年4月6日（水）オープン,熱狂道とん堀 歌舞伎町店,03-3204-3678
2016-03-24,2016年3月24日（木）オープン,近藤蛸焼店,045-548-9090
2016-03-19,2016年3月19日（土）オープン,わらい食堂 イオンモール堺鉄砲町店,072-221-7772
2016-03-18,2016年3月18日（金）オープン,お好み焼と黒おでん 高はし,06-6361-3380
2016-03-18,2016年3月18日（金）オープン,きん太 春日井店,0568-31-6639
2016-03-18,2016年3月18日（金）オープン,ikayaki stand 神戸,078-983-3200
2016-03-08,2016年3月9日（水）オープン,神戸六甲道・ぎゅんた 大名古屋店,
2016-03-07,2016年3月7日（月）オープン,情熱鉄板SHIN,0956-55-8707
2016-03-01,2016年3月1日（火）オープン,粉もん屋八 西九条駅前店,06-6110-5458
2016-03-01,2016年3月1日（火）オープン,鉄板焼 春団治 オーレ藤枝店,054-634-3666
2016-02-20,2016年2月20日（土）オープン,丸幸水産たこやき 福岡大橋店,092-561-0200
2016-02-05,2016年2月5日（金）オープン,あわねや,086-441-0232
2016-02-01,2016年2月1日（月）オープン,ディースタイル ワンゴ,098-917-1905
2016-01-27,2016年1月27日（水）オープン,鉄板・お好み焼き 蓮 沖縄店,098-917-2348
2015-12-10,2015年12月10日（木）オープン,築地銀だこ ららぽーと立川立飛店,042-540-6623
2015-12-07,2015年12月7日（月）オープン,築地銀だこ中央林間店,046-204-8567
2015-12-04,2015年12月4日（金）オープン,さくら屋 アピタ岩倉店,0587-37-3603
2015-12-04,2015年12月4日（金）オープン,築地 銀だこイオンモール常滑店,0569-89-6927
2015-12-01,2015年12月1日（火）オープン,鶴橋風月 弘前店,0172-37-0015
2015-12-01,2015年12月1日（火）オープン,お好み粉道楽,06-6648-5739
2015-11-27,2015年11月27日（金）オープン,Kirara風月 高田馬場店,03-6380-3151
2015-11-23,2015年11月23日（月）オープン,えびやき家 むぎわら,090-5238-6460
2015-11-21,2015年11月21日（土）オープン,築地銀だこ ららぽーと新三郷,048-951-5939
2015-11-19,2015年11月19日（木）オープン,たこやき SAKURA,052-680-8897
2015-11-19,2015年11月19日（木）オープン,瀬戸内てっぱん堂,047-421-7649
2015-11-19,2015年11月19日（木）オープン,大阪玉出 会津屋 ららぽーとEXPOCITY店,06-4860-6586
2015-11-19,2015年11月19日（木）オープン,大阪 粉もん お好み焼き 五郎ッペ食堂,06-4860-6059
2015-11-10,2015年11月10日（火）オープン,島原風お好み焼き うまからじゃ,0957-60-4250
2015-11-06,2015年11月6日（金）オープン,月島もんじゃ わらしべ 総本店,03-6204-2992
2015-10-29,2015年10月29日（木）オープン,築地銀だこららぽーと海老名店,046-292-7176
2015-10-24,2015年10月24日（土）オープン,築地銀だこ イオンタウン宇多津店,0877-58-2210
2015-10-23,2015年10月23日（金）オープン,築地 銀だこ イオンモール四條畷店,072-803-2361
2015-10-23,2015年10月23日（金）オープン,京都 わらい食堂 イオンモール四條畷店,072-812-7862
2015-10-23,2015年10月23日（金）オープン,くくるイオンモール四條畷店,072-803-0199
2015-10-19,2015年10月19日（月）オープン,鶴橋風月Modern 北浜店,06-6210-4434
2015-10-19,2015年10月19日（月）オープン,大阪ふぃがろ亭 築地本店,03-3541-7979
2015-10-18,2015年10月18日（日）オープン,ぐるめメロディボックス,022-281-8486
2015-10-12,2015年10月12日（月）オープン,築地銀だこ イオンモール盛岡店,019-908-2011
2015-10-10,2015年10月10日（土）オープン,紡麦 TSUMUGI,06-6244-2022
2015-10-10,2015年10月10日（土）オープン,千房 京都四条河原町店,075-254-7666
2015-09-25,2015年9月25日（金）オープン,ぷれじでんと千房 銀座コリドー店,03-5537-6200
2015-09-18,2015年9月18日（金）オープン,銀だこKITCHEN 名古屋mozoワンダーシティ店,052-982-8305
2015-09-18,2015年9月18日（金）オープン,銀だこキッチン mozoワンダーシティ店,052-982-8305
2015-09-11,2015年9月11日（金）オープン,粉もん屋八 高田市駅前店,0745-22-7280
2015-09-11,2015年9月11日（金）オープン,TAKASAGOMARU,03-5422-7177
2015-08-05,2015年8月5日（水）オープン,一山,03-6906-6775
2015-08-02,2015年8月2日（日）オープン,至福 白鷺店,072-288-0429
2015-07-14,2015年7月14日（火）オープン,築地銀だこイオンモールとなみ店,0763-32-7122
2015-07-04,2015年7月4日（土）オープン,お好み焼肉道頓堀 平松本町店,028-651-4321
2015-06-11,2015年6月11日（木）オープン,築地銀だこ ゆめタウン廿日市店,0829-34-0082
2015-06-11,2015年6月11日（木）オープン,みっちゃん総本店 ゆめタウン廿日市店,0829-30-8966
2015-03-27,2015年3月27日（金）オープン,築地銀だこイオンモール旭川駅前店,0166-29-2772
2015-03-24,2015年3月24日（火）オープン,宅配銀だこ 砧店,045-909-5330
2015-03-13,2015年3月13日（金）オープン,海鮮もんじゃ もへじ,03-6204-2314
2015-03-12, 2015年3月12日（木）オープン,築地銀だこ HAPINAHA店,098-860-8255
2015-03-10,神戸六甲道,神戸六甲道 ぎゅんた イオンモール幕張新都心店,043-306-9789 
2015-02-23,くれおーる 道,くれおーる 道玄坂１丁目店,03-5459-2100
2014-11-21,さくら屋 イオンタウン熱田千年店 2014年11月21日（金）オープン,さくら屋 イオンタウン熱田千年店,052-653-3822
2012-12-17,お好み焼 道,お好み焼 道とん堀 六丁の目店,089-993-5748
2012-12-04,お好み焼 道,お好み焼 道とん堀 久米窪田店,089-993-5748
2012-11-23,じゃんぼ総本店イオン貝塚店 2012年11月21日（水）オープン,じゃんぼ総本店イオン貝塚店,072-436-2299
2012-11-20,築地銀だこ 神保町店 2012年11月21日（水）オープン,築地銀だこ 神保町店,03-5283-7361
2012-10-10,千房福岡姪浜店 2012年10月10日（水）オープン,千房福岡姪浜店,092-834-8114
2012-08-21,京ちゃばな新大阪駅店 2012年8月22日（水）オープン,京ちゃばな新大阪駅店,
2012-08-12,築地銀だこ　ホット横丁湊店 2012年8月13日（月）オープン,築地銀だこ　ホット横丁湊店,
2012-08-05,お好み焼 風の街 天王寺駅前店 2012年8月5日（日）閉店,お好み焼 風の街 天王寺駅前店,JR天王寺駅すぐ上
2012-08-03,築地銀だこ アピタ佐原東店 2012年8月3日（金）オープン,築地銀だこ アピタ佐原東店,0299-80-5072
2012-06-29,イオン八戸田向ショッピングセンター店 2012年6月29日（金）オープン,築地銀だこ イオン八戸田向店,0178-71-8765
2012-06-28,築地銀だこソヨカふじみ野店 2012年6月29日（金）AM9:00オープン,築地銀だこソヨカふじみ野店,049-278-1177
2012-06-28,築地銀だこイオン春日井店 2012年6月28日（木）オープン,築地銀だこイオン春日井店,0568-87-7636
2012-06-25,築地銀だこ 厚木ドライブスルー店 2012年6月26日（火）オープン,築地銀だこ 厚木ドライブスルー店,046-270-2778
2012-06-15,築地銀だこ八千代ドライブスルー店 2012年6月15日（金）オープン,築地銀だこ八千代ドライブスルー店,047-480-3155
2012-06-09,お好み焼 道,お好み焼 道とん堀 アリオ橋本店,042-703-6835
2012-05-08,2012年5月8日（火）オープン,築地銀だこ ハイボール酒場　茅場町店,03-5614-5107      
2012-04-27,2012年4月28日（土）オープン,広島風お好み焼き　もみじ屋,03-6272-9320
2012-04-25,築地銀だこイオンモール福津店 2012年4月26日（木）オープン,築地銀だこイオンモール福津店,0940-38-5371    
2012-04-24,築地銀だこイオンモール船橋店2012年4月25日（水）オープン,築地銀だこイオンモール船橋店,043-437-6885   
2012-04-20,2012年4月17日（火）オープン,築地銀だこサンリブシティ小倉店,093-932-3601
2012-04-19,2012年4月19日（木）オープン,築地銀だこダイバーシティ東京プラザ店,03-3527-5388
2012-04-17,2012年4月17日（火）オープン,築地銀だこイオンタウン鹿島台,非公開
2012-04-12, 2012年4月13日（金）オープン,築地銀だこ広島段原SC店,082-568-5802
2012-02-13,お好み焼 道,お好み焼 道とん堀柏大津ヶ丘店,04-7193-3388
2012-01-07,築地銀だこ 軽井沢プリンスショッピングセンター店 2012年1月6日（金）オープン,築地銀だこ 軽井沢プリンスショッピングセンター店,
2011-12-01,お好み焼 道,お好み焼 道とん堀　船橋新高根店,047-463-8868
2011-12-01,お好み焼 道,お好み焼 道とん堀　新居浜店,0897-47-5078
2011-11-30,お好み焼き　やいやい 2011年12月1日（木）オープン,お好み焼き　やいやい,03-5419-1118
